{
  "logistic_regression": {
    "model_name": "logistic_regression",
    "train_accuracy": 0.9121588693957114,
    "test_accuracy": 0.8392596200681929,
    "train_f1": 0.8325750177886468,
    "test_f1": 0.6848649201801064,
    "train_precision": 0.7875353016688063,
    "test_precision": 0.663136208231196,
    "train_recall": 0.9165334763599848,
    "test_recall": 0.7259795818068091,
    "classification_report": {
      "0": {
        "precision": 0.38858695652173914,
        "recall": 0.5766129032258065,
        "f1-score": 0.4642857142857143,
        "support": 248.0
      },
      "1": {
        "precision": 0.9376854599406528,
        "recall": 0.8753462603878116,
        "f1-score": 0.9054441260744984,
        "support": 1805.0
      },
      "accuracy": 0.8392596200681929,
      "macro avg": {
        "precision": 0.663136208231196,
        "recall": 0.7259795818068091,
        "f1-score": 0.6848649201801064,
        "support": 2053.0
      },
      "weighted avg": {
        "precision": 0.8713550026352993,
        "recall": 0.8392596200681929,
        "f1-score": 0.8521527056538367,
        "support": 2053.0
      }
    },
    "confusion_matrix": [
      [
        143,
        105
      ],
      [
        225,
        1580
      ]
    ],
    "train_roc_auc": 0.969881210232539,
    "test_roc_auc": 0.8101532481458313,
    "cv_scores": [
      0.6713745197434736,
      0.6479939711213788,
      0.6817198121834471,
      0.6375948286667581,
      0.6336586299272866
    ],
    "cv_mean": 0.6544683523284689,
    "cv_std": 0.01891104714225503
  },
  "svm": {
    "model_name": "svm",
    "train_accuracy": 0.9945175438596491,
    "test_accuracy": 0.885046273745738,
    "train_f1": 0.9869119738466257,
    "test_f1": 0.5223171328064613,
    "train_precision": 0.9937327538631346,
    "test_precision": 0.8800625920471281,
    "train_recall": 0.9803424809708325,
    "test_recall": 0.5276717898311143,
    "classification_report": {
      "0": {
        "precision": 0.875,
        "recall": 0.056451612903225805,
        "f1-score": 0.10606060606060606,
        "support": 248.0
      },
      "1": {
        "precision": 0.8851251840942562,
        "recall": 0.9988919667590028,
        "f1-score": 0.9385736595523165,
        "support": 1805.0
      },
      "accuracy": 0.885046273745738,
      "macro avg": {
        "precision": 0.8800625920471281,
        "recall": 0.5276717898311143,
        "f1-score": 0.5223171328064613,
        "support": 2053.0
      },
      "weighted avg": {
        "precision": 0.8839020736922224,
        "recall": 0.885046273745738,
        "f1-score": 0.8380070559157143,
        "support": 2053.0
      }
    },
    "confusion_matrix": [
      [
        14,
        234
      ],
      [
        2,
        1803
      ]
    ],
    "train_roc_auc": 0.999082919896919,
    "test_roc_auc": 0.8120878384416048,
    "cv_scores": [
      0.505484442528393,
      0.5201315108526896,
      0.49099248461219336,
      0.5123648716280466,
      0.5116071428571428
    ],
    "cv_mean": 0.5081160904956931,
    "cv_std": 0.009744263579497163
  },
  "random_forest": {
    "model_name": "random_forest",
    "train_accuracy": 1.0,
    "test_accuracy": 0.8563078421821725,
    "train_f1": 1.0,
    "test_f1": 0.5608008394774877,
    "train_precision": 1.0,
    "test_precision": 0.5982859367246719,
    "train_recall": 1.0,
    "test_recall": 0.5513280761326066,
    "classification_report": {
      "0": {
        "precision": 0.30578512396694213,
        "recall": 0.14919354838709678,
        "f1-score": 0.2005420054200542,
        "support": 248.0
      },
      "1": {
        "precision": 0.8907867494824017,
        "recall": 0.9534626038781163,
        "f1-score": 0.9210596735349211,
        "support": 1805.0
      },
      "accuracy": 0.8563078421821725,
      "macro avg": {
        "precision": 0.5982859367246719,
        "recall": 0.5513280761326066,
        "f1-score": 0.5608008394774877,
        "support": 2053.0
      },
      "weighted avg": {
        "precision": 0.8201192369992872,
        "recall": 0.8563078421821725,
        "f1-score": 0.8340219815268904,
        "support": 2053.0
      }
    },
    "confusion_matrix": [
      [
        37,
        211
      ],
      [
        84,
        1721
      ]
    ],
    "train_roc_auc": 1.0,
    "test_roc_auc": 0.7296577607005629,
    "cv_scores": [
      0.561338189393094,
      0.5665871834080832,
      0.570525014266692,
      0.5445965508748957,
      0.5598386803207234
    ],
    "cv_mean": 0.5605771236526976,
    "cv_std": 0.008849684422098568
  },
  "naive_bayes": {
    "model_name": "naive_bayes",
    "train_accuracy": 0.8679337231968811,
    "test_accuracy": 0.7890891378470531,
    "train_f1": 0.7733709016236857,
    "test_f1": 0.6434884788838022,
    "train_precision": 0.731502738962725,
    "test_precision": 0.6260584074478598,
    "train_recall": 0.8900787424914853,
    "test_recall": 0.7165780537932267,
    "classification_report": {
      "0": {
        "precision": 0.31237322515212984,
        "recall": 0.6209677419354839,
        "f1-score": 0.41565452091767885,
        "support": 248.0
      },
      "1": {
        "precision": 0.9397435897435897,
        "recall": 0.8121883656509695,
        "f1-score": 0.8713224368499257,
        "support": 1805.0
      },
      "accuracy": 0.7890891378470531,
      "macro avg": {
        "precision": 0.6260584074478598,
        "recall": 0.7165780537932267,
        "f1-score": 0.6434884788838022,
        "support": 2053.0
      },
      "weighted avg": {
        "precision": 0.8639579831100378,
        "recall": 0.7890891378470531,
        "f1-score": 0.8162782852906479,
        "support": 2053.0
      }
    },
    "confusion_matrix": [
      [
        154,
        94
      ],
      [
        339,
        1466
      ]
    ],
    "train_roc_auc": 0.9598310805284136,
    "test_roc_auc": 0.7805759092127602,
    "cv_scores": [
      0.6427628777805414,
      0.6462949286065978,
      0.6391664367837588,
      0.6225902025244532,
      0.6231897671942761
    ],
    "cv_mean": 0.6348008425779255,
    "cv_std": 0.009984820810134461
  },
  "xgboost": {
    "model_name": "xgboost",
    "train_accuracy": 0.954556530214425,
    "test_accuracy": 0.8665367754505602,
    "train_f1": 0.8774294790449393,
    "test_f1": 0.6136227512006418,
    "train_precision": 0.9469110409084489,
    "test_precision": 0.6553587538560037,
    "train_recall": 0.8309576964469053,
    "test_recall": 0.5954059065320347,
    "classification_report": {
      "0": {
        "precision": 0.4097222222222222,
        "recall": 0.23790322580645162,
        "f1-score": 0.3010204081632653,
        "support": 248.0
      },
      "1": {
        "precision": 0.9009952854897852,
        "recall": 0.9529085872576177,
        "f1-score": 0.9262250942380182,
        "support": 1805.0
      },
      "accuracy": 0.8665367754505602,
      "macro avg": {
        "precision": 0.6553587538560037,
        "recall": 0.5954059065320347,
        "f1-score": 0.6136227512006418,
        "support": 2053.0
      },
      "weighted avg": {
        "precision": 0.8416500737555643,
        "recall": 0.8665367754505602,
        "f1-score": 0.8507010990375611,
        "support": 2053.0
      }
    },
    "confusion_matrix": [
      [
        59,
        189
      ],
      [
        85,
        1720
      ]
    ],
    "train_roc_auc": 0.9810906583807405,
    "test_roc_auc": 0.7706214815476722,
    "cv_scores": [
      0.6213764756328627,
      0.6050703463848836,
      0.6247105556813821,
      0.5944051230198855,
      0.5862166921125007
    ],
    "cv_mean": 0.6063558385663029,
    "cv_std": 0.014916919858787596
  },